<?xml version="1.0" encoding="UTF-8"?>
<root>
  <item name="com.lcodecore.tkrefreshlayout.header.progresslayout.MaterialProgressDrawable void updateSizes(int) 0">
    <annotation name="android.support.annotation.IntDef">
      <val name="value" val="{com.lcodecore.tkrefreshlayout.header.progresslayout.MaterialProgressDrawable.LARGE, com.lcodecore.tkrefreshlayout.header.progresslayout.MaterialProgressDrawable.DEFAULT}" />
    </annotation>
  </item>
  <item name="com.lcodecore.tkrefreshlayout.header.progresslayout.MaterialProgressDrawable.ProgressDrawableSize">
    <annotation name="android.support.annotation.IntDef">
      <val name="value" val="{com.lcodecore.tkrefreshlayout.header.progresslayout.MaterialProgressDrawable.LARGE, com.lcodecore.tkrefreshlayout.header.progresslayout.MaterialProgressDrawable.DEFAULT}" />
    </annotation>
  </item>
</root>

